"Label (Grouping)","Allegany County, Maryland!!Total!!Estimate","Allegany County, Maryland!!Total!!Margin of Error","Allegany County, Maryland!!Male!!Estimate","Allegany County, Maryland!!Male!!Margin of Error","Allegany County, Maryland!!Percent Male!!Estimate","Allegany County, Maryland!!Percent Male!!Margin of Error","Allegany County, Maryland!!Female!!Estimate","Allegany County, Maryland!!Female!!Margin of Error","Allegany County, Maryland!!Percent Female!!Estimate","Allegany County, Maryland!!Percent Female!!Margin of Error","Anne Arundel County, Maryland!!Total!!Estimate","Anne Arundel County, Maryland!!Total!!Margin of Error","Anne Arundel County, Maryland!!Male!!Estimate","Anne Arundel County, Maryland!!Male!!Margin of Error","Anne Arundel County, Maryland!!Percent Male!!Estimate","Anne Arundel County, Maryland!!Percent Male!!Margin of Error","Anne Arundel County, Maryland!!Female!!Estimate","Anne Arundel County, Maryland!!Female!!Margin of Error","Anne Arundel County, Maryland!!Percent Female!!Estimate","Anne Arundel County, Maryland!!Percent Female!!Margin of Error","Baltimore County, Maryland!!Total!!Estimate","Baltimore County, Maryland!!Total!!Margin of Error","Baltimore County, Maryland!!Male!!Estimate","Baltimore County, Maryland!!Male!!Margin of Error","Baltimore County, Maryland!!Percent Male!!Estimate","Baltimore County, Maryland!!Percent Male!!Margin of Error","Baltimore County, Maryland!!Female!!Estimate","Baltimore County, Maryland!!Female!!Margin of Error","Baltimore County, Maryland!!Percent Female!!Estimate","Baltimore County, Maryland!!Percent Female!!Margin of Error","Calvert County, Maryland!!Total!!Estimate","Calvert County, Maryland!!Total!!Margin of Error","Calvert County, Maryland!!Male!!Estimate","Calvert County, Maryland!!Male!!Margin of Error","Calvert County, Maryland!!Percent Male!!Estimate","Calvert County, Maryland!!Percent Male!!Margin of Error","Calvert County, Maryland!!Female!!Estimate","Calvert County, Maryland!!Female!!Margin of Error","Calvert County, Maryland!!Percent Female!!Estimate","Calvert County, Maryland!!Percent Female!!Margin of Error","Caroline County, Maryland!!Total!!Estimate","Caroline County, Maryland!!Total!!Margin of Error","Caroline County, Maryland!!Male!!Estimate","Caroline County, Maryland!!Male!!Margin of Error","Caroline County, Maryland!!Percent Male!!Estimate","Caroline County, Maryland!!Percent Male!!Margin of Error","Caroline County, Maryland!!Female!!Estimate","Caroline County, Maryland!!Female!!Margin of Error","Caroline County, Maryland!!Percent Female!!Estimate","Caroline County, Maryland!!Percent Female!!Margin of Error","Carroll County, Maryland!!Total!!Estimate","Carroll County, Maryland!!Total!!Margin of Error","Carroll County, Maryland!!Male!!Estimate","Carroll County, Maryland!!Male!!Margin of Error","Carroll County, Maryland!!Percent Male!!Estimate","Carroll County, Maryland!!Percent Male!!Margin of Error","Carroll County, Maryland!!Female!!Estimate","Carroll County, Maryland!!Female!!Margin of Error","Carroll County, Maryland!!Percent Female!!Estimate","Carroll County, Maryland!!Percent Female!!Margin of Error","Cecil County, Maryland!!Total!!Estimate","Cecil County, Maryland!!Total!!Margin of Error","Cecil County, Maryland!!Male!!Estimate","Cecil County, Maryland!!Male!!Margin of Error","Cecil County, Maryland!!Percent Male!!Estimate","Cecil County, Maryland!!Percent Male!!Margin of Error","Cecil County, Maryland!!Female!!Estimate","Cecil County, Maryland!!Female!!Margin of Error","Cecil County, Maryland!!Percent Female!!Estimate","Cecil County, Maryland!!Percent Female!!Margin of Error","Charles County, Maryland!!Total!!Estimate","Charles County, Maryland!!Total!!Margin of Error","Charles County, Maryland!!Male!!Estimate","Charles County, Maryland!!Male!!Margin of Error","Charles County, Maryland!!Percent Male!!Estimate","Charles County, Maryland!!Percent Male!!Margin of Error","Charles County, Maryland!!Female!!Estimate","Charles County, Maryland!!Female!!Margin of Error","Charles County, Maryland!!Percent Female!!Estimate","Charles County, Maryland!!Percent Female!!Margin of Error","Dorchester County, Maryland!!Total!!Estimate","Dorchester County, Maryland!!Total!!Margin of Error","Dorchester County, Maryland!!Male!!Estimate","Dorchester County, Maryland!!Male!!Margin of Error","Dorchester County, Maryland!!Percent Male!!Estimate","Dorchester County, Maryland!!Percent Male!!Margin of Error","Dorchester County, Maryland!!Female!!Estimate","Dorchester County, Maryland!!Female!!Margin of Error","Dorchester County, Maryland!!Percent Female!!Estimate","Dorchester County, Maryland!!Percent Female!!Margin of Error","Frederick County, Maryland!!Total!!Estimate","Frederick County, Maryland!!Total!!Margin of Error","Frederick County, Maryland!!Male!!Estimate","Frederick County, Maryland!!Male!!Margin of Error","Frederick County, Maryland!!Percent Male!!Estimate","Frederick County, Maryland!!Percent Male!!Margin of Error","Frederick County, Maryland!!Female!!Estimate","Frederick County, Maryland!!Female!!Margin of Error","Frederick County, Maryland!!Percent Female!!Estimate","Frederick County, Maryland!!Percent Female!!Margin of Error","Garrett County, Maryland!!Total!!Estimate","Garrett County, Maryland!!Total!!Margin of Error","Garrett County, Maryland!!Male!!Estimate","Garrett County, Maryland!!Male!!Margin of Error","Garrett County, Maryland!!Percent Male!!Estimate","Garrett County, Maryland!!Percent Male!!Margin of Error","Garrett County, Maryland!!Female!!Estimate","Garrett County, Maryland!!Female!!Margin of Error","Garrett County, Maryland!!Percent Female!!Estimate","Garrett County, Maryland!!Percent Female!!Margin of Error","Harford County, Maryland!!Total!!Estimate","Harford County, Maryland!!Total!!Margin of Error","Harford County, Maryland!!Male!!Estimate","Harford County, Maryland!!Male!!Margin of Error","Harford County, Maryland!!Percent Male!!Estimate","Harford County, Maryland!!Percent Male!!Margin of Error","Harford County, Maryland!!Female!!Estimate","Harford County, Maryland!!Female!!Margin of Error","Harford County, Maryland!!Percent Female!!Estimate","Harford County, Maryland!!Percent Female!!Margin of Error","Howard County, Maryland!!Total!!Estimate","Howard County, Maryland!!Total!!Margin of Error","Howard County, Maryland!!Male!!Estimate","Howard County, Maryland!!Male!!Margin of Error","Howard County, Maryland!!Percent Male!!Estimate","Howard County, Maryland!!Percent Male!!Margin of Error","Howard County, Maryland!!Female!!Estimate","Howard County, Maryland!!Female!!Margin of Error","Howard County, Maryland!!Percent Female!!Estimate","Howard County, Maryland!!Percent Female!!Margin of Error","Kent County, Maryland!!Total!!Estimate","Kent County, Maryland!!Total!!Margin of Error","Kent County, Maryland!!Male!!Estimate","Kent County, Maryland!!Male!!Margin of Error","Kent County, Maryland!!Percent Male!!Estimate","Kent County, Maryland!!Percent Male!!Margin of Error","Kent County, Maryland!!Female!!Estimate","Kent County, Maryland!!Female!!Margin of Error","Kent County, Maryland!!Percent Female!!Estimate","Kent County, Maryland!!Percent Female!!Margin of Error","Montgomery County, Maryland!!Total!!Estimate","Montgomery County, Maryland!!Total!!Margin of Error","Montgomery County, Maryland!!Male!!Estimate","Montgomery County, Maryland!!Male!!Margin of Error","Montgomery County, Maryland!!Percent Male!!Estimate","Montgomery County, Maryland!!Percent Male!!Margin of Error","Montgomery County, Maryland!!Female!!Estimate","Montgomery County, Maryland!!Female!!Margin of Error","Montgomery County, Maryland!!Percent Female!!Estimate","Montgomery County, Maryland!!Percent Female!!Margin of Error","Prince George's County, Maryland!!Total!!Estimate","Prince George's County, Maryland!!Total!!Margin of Error","Prince George's County, Maryland!!Male!!Estimate","Prince George's County, Maryland!!Male!!Margin of Error","Prince George's County, Maryland!!Percent Male!!Estimate","Prince George's County, Maryland!!Percent Male!!Margin of Error","Prince George's County, Maryland!!Female!!Estimate","Prince George's County, Maryland!!Female!!Margin of Error","Prince George's County, Maryland!!Percent Female!!Estimate","Prince George's County, Maryland!!Percent Female!!Margin of Error","Queen Anne's County, Maryland!!Total!!Estimate","Queen Anne's County, Maryland!!Total!!Margin of Error","Queen Anne's County, Maryland!!Male!!Estimate","Queen Anne's County, Maryland!!Male!!Margin of Error","Queen Anne's County, Maryland!!Percent Male!!Estimate","Queen Anne's County, Maryland!!Percent Male!!Margin of Error","Queen Anne's County, Maryland!!Female!!Estimate","Queen Anne's County, Maryland!!Female!!Margin of Error","Queen Anne's County, Maryland!!Percent Female!!Estimate","Queen Anne's County, Maryland!!Percent Female!!Margin of Error","St. Mary's County, Maryland!!Total!!Estimate","St. Mary's County, Maryland!!Total!!Margin of Error","St. Mary's County, Maryland!!Male!!Estimate","St. Mary's County, Maryland!!Male!!Margin of Error","St. Mary's County, Maryland!!Percent Male!!Estimate","St. Mary's County, Maryland!!Percent Male!!Margin of Error","St. Mary's County, Maryland!!Female!!Estimate","St. Mary's County, Maryland!!Female!!Margin of Error","St. Mary's County, Maryland!!Percent Female!!Estimate","St. Mary's County, Maryland!!Percent Female!!Margin of Error","Somerset County, Maryland!!Total!!Estimate","Somerset County, Maryland!!Total!!Margin of Error","Somerset County, Maryland!!Male!!Estimate","Somerset County, Maryland!!Male!!Margin of Error","Somerset County, Maryland!!Percent Male!!Estimate","Somerset County, Maryland!!Percent Male!!Margin of Error","Somerset County, Maryland!!Female!!Estimate","Somerset County, Maryland!!Female!!Margin of Error","Somerset County, Maryland!!Percent Female!!Estimate","Somerset County, Maryland!!Percent Female!!Margin of Error","Talbot County, Maryland!!Total!!Estimate","Talbot County, Maryland!!Total!!Margin of Error","Talbot County, Maryland!!Male!!Estimate","Talbot County, Maryland!!Male!!Margin of Error","Talbot County, Maryland!!Percent Male!!Estimate","Talbot County, Maryland!!Percent Male!!Margin of Error","Talbot County, Maryland!!Female!!Estimate","Talbot County, Maryland!!Female!!Margin of Error","Talbot County, Maryland!!Percent Female!!Estimate","Talbot County, Maryland!!Percent Female!!Margin of Error","Washington County, Maryland!!Total!!Estimate","Washington County, Maryland!!Total!!Margin of Error","Washington County, Maryland!!Male!!Estimate","Washington County, Maryland!!Male!!Margin of Error","Washington County, Maryland!!Percent Male!!Estimate","Washington County, Maryland!!Percent Male!!Margin of Error","Washington County, Maryland!!Female!!Estimate","Washington County, Maryland!!Female!!Margin of Error","Washington County, Maryland!!Percent Female!!Estimate","Washington County, Maryland!!Percent Female!!Margin of Error","Wicomico County, Maryland!!Total!!Estimate","Wicomico County, Maryland!!Total!!Margin of Error","Wicomico County, Maryland!!Male!!Estimate","Wicomico County, Maryland!!Male!!Margin of Error","Wicomico County, Maryland!!Percent Male!!Estimate","Wicomico County, Maryland!!Percent Male!!Margin of Error","Wicomico County, Maryland!!Female!!Estimate","Wicomico County, Maryland!!Female!!Margin of Error","Wicomico County, Maryland!!Percent Female!!Estimate","Wicomico County, Maryland!!Percent Female!!Margin of Error","Worcester County, Maryland!!Total!!Estimate","Worcester County, Maryland!!Total!!Margin of Error","Worcester County, Maryland!!Male!!Estimate","Worcester County, Maryland!!Male!!Margin of Error","Worcester County, Maryland!!Percent Male!!Estimate","Worcester County, Maryland!!Percent Male!!Margin of Error","Worcester County, Maryland!!Female!!Estimate","Worcester County, Maryland!!Female!!Margin of Error","Worcester County, Maryland!!Percent Female!!Estimate","Worcester County, Maryland!!Percent Female!!Margin of Error","Baltimore city, Maryland!!Total!!Estimate","Baltimore city, Maryland!!Total!!Margin of Error","Baltimore city, Maryland!!Male!!Estimate","Baltimore city, Maryland!!Male!!Margin of Error","Baltimore city, Maryland!!Percent Male!!Estimate","Baltimore city, Maryland!!Percent Male!!Margin of Error","Baltimore city, Maryland!!Female!!Estimate","Baltimore city, Maryland!!Female!!Margin of Error","Baltimore city, Maryland!!Percent Female!!Estimate","Baltimore city, Maryland!!Percent Female!!Margin of Error"
"Civilian employed population 16 years and over","27,491","±725","14,279","±493","51.9%","±1.3","13,212","±527","48.1%","±1.3","293,748","±2,682","151,383","±1,943","51.5%","±0.5","142,365","±2,001","48.5%","±0.5","420,275","±3,146","208,974","±1,790","49.7%","±0.4","211,301","±2,574","50.3%","±0.4","47,021","±980","24,803","±520","52.7%","±1.0","22,218","±820","47.3%","±1.0","16,078","±469","8,355","±343","52.0%","±1.5","7,723","±322","48.0%","±1.5","88,204","±1,097","46,679","±657","52.9%","±0.6","41,525","±817","47.1%","±0.6","50,643","±940","26,965","±664","53.2%","±1.0","23,678","±713","46.8%","±1.0","81,467","±1,031","40,163","±789","49.3%","±0.7","41,304","±756","50.7%","±0.7","14,706","±504","7,085","±350","48.2%","±1.9","7,621","±394","51.8%","±1.9","135,563","±1,397","71,914","±783","53.0%","±0.5","63,649","±1,076","47.0%","±0.5","13,894","±526","7,557","±314","54.4%","±1.6","6,337","±367","45.6%","±1.6","131,679","±1,347","67,843","±913","51.5%","±0.5","63,836","±1,021","48.5%","±0.5","170,492","±1,855","87,079","±1,261","51.1%","±0.5","83,413","±1,183","48.9%","±0.5","9,422","±391","4,871","±258","51.7%","±2.0","4,551","±281","48.3%","±2.0","559,029","±2,814","287,272","±2,114","51.4%","±0.3","271,757","±1,945","48.6%","±0.3","483,654","±2,675","242,213","±1,923","50.1%","±0.3","241,441","±1,969","49.9%","±0.3","25,678","±634","13,222","±423","51.5%","±1.2","12,456","±449","48.5%","±1.2","55,942","±1,194","30,412","±785","54.4%","±0.9","25,530","±787","45.6%","±0.9","9,395","±854","4,298","±849","45.7%","±5.4","5,097","±315","54.3%","±5.4","17,311","±520","8,958","±394","51.7%","±1.6","8,353","±369","48.3%","±1.6","68,853","±1,201","36,083","±834","52.4%","±0.9","32,770","±926","47.6%","±0.9","49,592","±1,080","24,024","±643","48.4%","±0.9","25,568","±780","51.6%","±0.9","24,238","±644","12,346","±473","50.9%","±1.2","11,892","±382","49.1%","±1.2","281,905","±2,382","133,026","±1,764","47.2%","±0.4","148,879","±1,675","52.8%","±0.4"
"    Management, business, science, and arts occupations:","8,655","±615","3,776","±360","43.6%","±2.9","4,879","±445","56.4%","±2.9","143,897","±2,576","69,907","±1,525","48.6%","±0.7","73,990","±1,809","51.4%","±0.7","191,120","±2,857","86,765","±1,753","45.4%","±0.7","104,355","±2,165","54.6%","±0.7","21,320","±1,091","9,839","±648","46.1%","±2.2","11,481","±803","53.9%","±2.2","5,164","±361","2,220","±249","43.0%","±3.5","2,944","±260","57.0%","±3.5","41,225","±1,165","19,250","±715","46.7%","±1.2","21,975","±787","53.3%","±1.2","17,962","±931","7,866","±654","43.8%","±2.9","10,096","±743","56.2%","±2.9","35,166","±1,093","14,510","±776","41.3%","±1.8","20,656","±894","58.7%","±1.8","4,561","±382","1,714","±208","37.6%","±3.7","2,847","±311","62.4%","±3.7","64,910","±1,409","32,511","±1,001","50.1%","±1.0","32,399","±930","49.9%","±1.0","4,884","±442","2,136","±296","43.7%","±4.2","2,748","±306","56.3%","±4.2","60,449","±1,553","29,460","±1,036","48.7%","±1.2","30,989","±1,105","51.3%","±1.2","108,952","±1,954","55,008","±1,292","50.5%","±0.8","53,944","±1,385","49.5%","±0.8","3,590","±355","1,838","±230","51.2%","±5.0","1,752","±271","48.8%","±5.0","320,180","±3,290","160,321","±2,244","50.1%","±0.5","159,859","±2,219","49.9%","±0.5","197,693","±2,971","82,345","±1,838","41.7%","±0.7","115,348","±2,171","58.3%","±0.7","11,303","±569","5,387","±378","47.7%","±2.6","5,916","±443","52.3%","±2.6","25,826","±1,240","13,386","±798","51.8%","±1.8","12,440","±748","48.2%","±1.8","2,802","±424","1,077","±277","38.4%","±6.6","1,725","±278","61.6%","±6.6","7,770","±476","3,679","±339","47.3%","±3.1","4,091","±336","52.7%","±3.1","24,502","±1,283","10,969","±779","44.8%","±2.2","13,533","±896","55.2%","±2.2","16,886","±938","7,321","±640","43.4%","±2.4","9,565","±577","56.6%","±2.4","8,909","±593","3,977","±421","44.6%","±3.3","4,932","±408","55.4%","±3.3","124,972","±2,149","54,558","±1,528","43.7%","±0.8","70,414","±1,400","56.3%","±0.8"
"        Management, business, and financial occupations:","2,936","±328","1,554","±215","52.9%","±5.0","1,382","±225","47.1%","±5.0","61,813","±2,142","33,089","±1,389","53.5%","±1.5","28,724","±1,402","46.5%","±1.5","74,591","±2,206","39,003","±1,527","52.3%","±1.5","35,588","±1,597","47.7%","±1.5","9,334","±862","4,703","±481","50.4%","±3.8","4,631","±624","49.6%","±3.8","2,174","±253","1,275","±203","58.6%","±6.0","899","±163","41.4%","±6.0","17,306","±843","9,974","±567","57.6%","±2.1","7,332","±533","42.4%","±2.1","6,756","±642","3,434","±395","50.8%","±4.0","3,322","±447","49.2%","±4.0","15,380","±849","6,235","±566","40.5%","±2.7","9,145","±632","59.5%","±2.7","1,678","±213","837","±144","49.9%","±7.1","841","±176","50.1%","±7.1","27,721","±1,065","15,335","±772","55.3%","±2.0","12,386","±768","44.7%","±2.0","2,081","±328","1,154","±223","55.5%","±6.9","927","±210","44.5%","±6.9","25,456","±1,239","14,382","±773","56.5%","±1.8","11,074","±768","43.5%","±1.8","40,431","±1,468","21,157","±1,102","52.3%","±2.0","19,274","±1,101","47.7%","±2.0","1,385","±208","944","±196","68.2%","±8.6","441","±131","31.8%","±8.6","122,839","±2,460","63,719","±1,912","51.9%","±1.1","59,120","±1,689","48.1%","±1.1","80,058","±2,097","32,949","±1,450","41.2%","±1.2","47,109","±1,380","58.8%","±1.2","5,207","±440","3,115","±298","59.8%","±3.9","2,092","±294","40.2%","±3.9","10,914","±991","5,625","±667","51.5%","±3.5","5,289","±581","48.5%","±3.5","696","±186","364","±122","52.3%","±11.7","332","±125","47.7%","±11.7","3,337","±331","1,884","±280","56.5%","±5.2","1,453","±205","43.5%","±5.2","10,203","±869","5,375","±574","52.7%","±4.3","4,828","±646","47.3%","±4.3","5,751","±516","2,859","±429","49.7%","±5.0","2,892","±337","50.3%","±5.0","4,430","±452","2,614","±347","59.0%","±5.1","1,816","±294","41.0%","±5.1","45,065","±1,469","21,672","±1,034","48.1%","±1.8","23,393","±1,162","51.9%","±1.8"
"            Management occupations","2,165","±277","1,247","±209","57.6%","±6.1","918","±175","42.4%","±6.1","40,381","±1,713","22,784","±1,249","56.4%","±2.2","17,597","±1,192","43.6%","±2.2","44,518","±1,751","25,090","±1,351","56.4%","±2.2","19,428","±1,283","43.6%","±2.2","5,992","±576","3,485","±393","58.2%","±4.6","2,507","±397","41.8%","±4.6","1,702","±237","1,098","±199","64.5%","±6.8","604","±137","35.5%","±6.8","11,997","±670","7,347","±508","61.2%","±2.9","4,650","±463","38.8%","±2.9","4,236","±444","2,318","±295","54.7%","±5.5","1,918","±340","45.3%","±5.5","9,039","±674","4,542","±473","50.2%","±3.4","4,497","±437","49.8%","±3.4","1,318","±186","684","±131","51.9%","±8.2","634","±155","48.1%","±8.2","18,668","±883","11,039","±609","59.1%","±2.3","7,629","±603","40.9%","±2.3","1,686","±302","974","±207","57.8%","±8.0","712","±194","42.2%","±8.0","15,837","±992","9,858","±704","62.2%","±2.5","5,979","±568","37.8%","±2.5","25,982","±1,208","14,739","±932","56.7%","±2.3","11,243","±756","43.3%","±2.3","1,122","±186","850","±183","75.8%","±7.8","272","±88","24.2%","±7.8","73,873","±1,955","40,044","±1,586","54.2%","±1.4","33,829","±1,308","45.8%","±1.4","47,350","±1,667","21,782","±1,106","46.0%","±1.4","25,568","±1,041","54.0%","±1.4","3,977","±386","2,487","±288","62.5%","±4.9","1,490","±257","37.5%","±4.9","6,353","±724","3,597","±523","56.6%","±4.7","2,756","±423","43.4%","±4.7","527","±161","311","±121","59.0%","±14.7","216","±103","41.0%","±14.7","2,331","±315","1,451","±270","62.2%","±5.9","880","±155","37.8%","±5.9","6,803","±599","3,839","±424","56.4%","±4.8","2,964","±450","43.6%","±4.8","4,180","±491","2,324","±397","55.6%","±5.6","1,856","±282","44.4%","±5.6","3,289","±461","1,994","±327","60.6%","±6.5","1,295","±299","39.4%","±6.5","28,034","±1,336","13,804","±760","49.2%","±2.1","14,230","±1,022","50.8%","±2.1"
"            Business and financial operations occupations","771","±150","307","±110","39.8%","±11.0","464","±120","60.2%","±11.0","21,432","±1,156","10,305","±799","48.1%","±2.8","11,127","±859","51.9%","±2.8","30,073","±1,648","13,913","±1,124","46.3%","±2.4","16,160","±1,039","53.7%","±2.4","3,342","±591","1,218","±283","36.4%","±6.9","2,124","±474","63.6%","±6.9","472","±118","177","±64","37.5%","±11.8","295","±99","62.5%","±11.8","5,309","±508","2,627","±312","49.5%","±4.2","2,682","±361","50.5%","±4.2","2,520","±371","1,116","±245","44.3%","±7.6","1,404","±290","55.7%","±7.6","6,341","±689","1,693","±334","26.7%","±4.7","4,648","±611","73.3%","±4.7","360","±97","153","±75","42.5%","±14.7","207","±67","57.5%","±14.7","9,053","±632","4,296","±460","47.5%","±3.8","4,757","±474","52.5%","±3.8","395","±114","180","±82","45.6%","±14.5","215","±79","54.4%","±14.5","9,619","±866","4,524","±573","47.0%","±3.6","5,095","±532","53.0%","±3.6","14,449","±877","6,418","±621","44.4%","±3.4","8,031","±714","55.6%","±3.4","263","±100","94","±53","35.7%","±17.3","169","±87","64.3%","±17.3","48,966","±1,496","23,675","±1,147","48.3%","±1.8","25,291","±1,142","51.7%","±1.8","32,708","±1,301","11,167","±840","34.1%","±1.9","21,541","±948","65.9%","±1.9","1,230","±213","628","±156","51.1%","±8.9","602","±151","48.9%","±8.9","4,561","±659","2,028","±421","44.5%","±6.0","2,533","±433","55.5%","±6.0","169","±72","53","±39","31.4%","±20.5","116","±63","68.6%","±20.5","1,006","±220","433","±131","43.0%","±8.0","573","±139","57.0%","±8.0","3,400","±582","1,536","±360","45.2%","±8.2","1,864","±441","54.8%","±8.2","1,571","±267","535","±181","34.1%","±9.2","1,036","±213","65.9%","±9.2","1,141","±251","620","±205","54.3%","±11.5","521","±155","45.7%","±11.5","17,031","±1,111","7,868","±796","46.2%","±3.4","9,163","±808","53.8%","±3.4"
"        Computer, engineering, and science occupations:","1,112","±208","853","±180","76.7%","±6.6","259","±84","23.3%","±6.6","31,512","±1,408","22,876","±1,158","72.6%","±1.8","8,636","±700","27.4%","±1.8","33,962","±1,299","23,367","±1,005","68.8%","±1.8","10,595","±798","31.2%","±1.8","4,715","±466","3,223","±385","68.4%","±4.8","1,492","±275","31.6%","±4.8","628","±157","417","±122","66.4%","±10.6","211","±87","33.6%","±10.6","7,356","±509","5,393","±375","73.3%","±3.1","1,963","±301","26.7%","±3.1","3,485","±563","2,802","±555","80.4%","±4.8","683","±142","19.6%","±4.8","7,606","±770","5,037","±554","66.2%","±4.4","2,569","±462","33.8%","±4.4","520","±149","299","±113","57.5%","±15.0","221","±103","42.5%","±15.0","14,233","±855","10,324","±676","72.5%","±2.4","3,909","±436","27.5%","±2.4","663","±180","463","±116","69.8%","±17.1","200","±149","30.2%","±17.1","12,379","±744","9,532","±689","77.0%","±3.1","2,847","±418","23.0%","±3.1","30,557","±1,413","21,583","±1,093","70.6%","±1.9","8,974","±755","29.4%","±1.9","334","±119","256","±108","76.6%","±13.7","78","±50","23.4%","±13.7","79,122","±2,174","52,675","±1,701","66.6%","±1.2","26,447","±1,207","33.4%","±1.2","39,197","±1,576","24,813","±1,395","63.3%","±2.1","14,384","±939","36.7%","±2.1","1,467","±290","996","±207","67.9%","±8.2","471","±168","32.1%","±8.2","8,199","±904","6,102","±707","74.4%","±3.5","2,097","±383","25.6%","±3.5","223","±86","187","±78","83.9%","±10.8","36","±26","16.1%","±10.8","942","±222","643","±188","68.3%","±10.6","299","±118","31.7%","±10.6","4,172","±572","3,243","±522","77.7%","±5.1","929","±226","22.3%","±5.1","1,932","±348","1,559","±317","80.7%","±6.7","373","±140","19.3%","±6.7","636","±143","426","±125","67.0%","±11.1","210","±82","33.0%","±11.1","20,412","±1,055","13,045","±831","63.9%","±2.6","7,367","±673","36.1%","±2.6"
"            Computer and mathematical occupations","583","±148","473","±132","81.1%","±9.3","110","±62","18.9%","±9.3","20,165","±1,177","14,543","±982","72.1%","±2.3","5,622","±560","27.9%","±2.3","19,714","±1,032","13,523","±822","68.6%","±2.5","6,191","±608","31.4%","±2.5","2,656","±426","1,578","±339","59.4%","±7.2","1,078","±240","40.6%","±7.2","438","±121","257","±93","58.7%","±14.7","181","±83","41.3%","±14.7","4,337","±430","3,135","±296","72.3%","±3.5","1,202","±225","27.7%","±3.5","1,643","±305","1,301","±293","79.2%","±6.3","342","±99","20.8%","±6.3","5,232","±658","3,440","±487","65.7%","±5.5","1,792","±387","34.3%","±5.5","206","±86","174","±82","84.5%","±12.1","32","±25","15.5%","±12.1","7,800","±584","5,608","±503","71.9%","±3.9","2,192","±357","28.1%","±3.9","212","±98","194","±95","91.5%","±8.1","18","±17","8.5%","±8.1","6,372","±647","5,034","±605","79.0%","±3.6","1,338","±237","21.0%","±3.6","18,786","±1,073","13,006","±825","69.2%","±2.3","5,780","±564","30.8%","±2.3","169","±91","115","±69","68.0%","±20.6","54","±47","32.0%","±20.6","40,980","±1,641","29,397","±1,241","71.7%","±1.4","11,583","±762","28.3%","±1.4","27,527","±1,305","16,596","±1,148","60.3%","±2.7","10,931","±835","39.7%","±2.7","634","±175","433","±141","68.3%","±10.1","201","±80","31.7%","±10.1","3,672","±466","2,471","±382","67.3%","±6.4","1,201","±286","32.7%","±6.4","61","±44","35","±38","57.4%","±38.0","26","±24","42.6%","±38.0","210","±73","154","±65","73.3%","±16.0","56","±37","26.7%","±16.0","2,812","±517","2,119","±479","75.4%","±7.4","693","±216","24.6%","±7.4","754","±196","563","±171","74.7%","±11.8","191","±102","25.3%","±11.8","310","±96","193","±73","62.3%","±14.7","117","±59","37.7%","±14.7","10,063","±793","7,057","±659","70.1%","±3.5","3,006","±418","29.9%","±3.5"
"            Architecture and engineering occupations","344","±128","247","±99","71.8%","±13.7","97","±60","28.2%","±13.7","7,857","±759","6,231","±655","79.3%","±3.3","1,626","±299","20.7%","±3.3","8,430","±770","6,755","±648","80.1%","±4.1","1,675","±403","19.9%","±4.1","1,563","±296","1,370","±274","87.7%","±6.2","193","±103","12.3%","±6.2","108","±56","108","±56","100.0%","±28.6","0","±27","0.0%","±28.6","2,106","±310","1,848","±266","87.7%","±6.2","258","±148","12.3%","±6.2","1,177","±421","1,038","±410","88.2%","±7.7","139","±83","11.8%","±7.7","1,553","±251","1,195","±201","76.9%","±7.6","358","±143","23.1%","±7.6","114","±64","103","±58","90.4%","±12.5","11","±16","9.6%","±12.5","3,002","±325","2,685","±321","89.4%","±4.1","317","±127","10.6%","±4.1","215","±63","194","±58","90.2%","±8.9","21","±21","9.8%","±8.9","3,974","±444","3,474","±427","87.4%","±3.4","500","±140","12.6%","±3.4","6,649","±661","5,520","±606","83.0%","±3.9","1,129","±285","17.0%","±3.9","99","±97","99","±97","100.0%","±30.5","0","±20","0.0%","±30.5","13,583","±998","10,674","±852","78.6%","±2.7","2,909","±426","21.4%","±2.7","6,680","±562","5,526","±504","82.7%","±3.5","1,154","±262","17.3%","±3.5","603","±179","462","±119","76.6%","±13.8","141","±110","23.4%","±13.8","4,034","±668","3,406","±524","84.4%","±5.0","628","±258","15.6%","±5.0","63","±43","59","±42","93.7%","±14.5","4","±8","6.3%","±14.5","287","±104","258","±106","89.9%","±11.1","29","±30","10.1%","±11.1","861","±223","795","±216","92.3%","±6.1","66","±53","7.7%","±6.1","674","±281","589","±258","87.4%","±10.6","85","±76","12.6%","±10.6","233","±104","209","±99","89.7%","±11.2","24","±27","10.3%","±11.2","4,326","±429","3,340","±374","77.2%","±5.1","986","±253","22.8%","±5.1"
"            Life, physical, and social science occupations","185","±71","133","±60","71.9%","±18.0","52","±39","28.1%","±18.0","3,490","±524","2,102","±444","60.2%","±6.4","1,388","±252","39.8%","±6.4","5,818","±626","3,089","±483","53.1%","±5.0","2,729","±367","46.9%","±5.0","496","±160","275","±98","55.4%","±14.2","221","±111","44.6%","±14.2","82","±40","52","±30","63.4%","±18.3","30","±20","36.6%","±18.3","913","±217","410","±134","44.9%","±10.2","503","±150","55.1%","±10.2","665","±154","463","±137","69.6%","±10.2","202","±75","30.4%","±10.2","821","±226","402","±185","49.0%","±14.6","419","±141","51.0%","±14.6","200","±99","22","±24","11.0%","±12.4","178","±98","89.0%","±12.4","3,431","±461","2,031","±323","59.2%","±6.2","1,400","±301","40.8%","±6.2","236","±142","75","±44","31.8%","±28.0","161","±144","68.2%","±28.0","2,033","±404","1,024","±231","50.4%","±9.6","1,009","±327","49.6%","±9.6","5,122","±705","3,057","±616","59.7%","±7.2","2,065","±411","40.3%","±7.2","66","±39","42","±32","63.6%","±26.2","24","±19","36.4%","±26.2","24,559","±1,214","12,604","±882","51.3%","±2.5","11,955","±861","48.7%","±2.5","4,990","±583","2,691","±434","53.9%","±6.0","2,299","±403","46.1%","±6.0","230","±98","101","±64","43.9%","±20.1","129","±71","56.1%","±20.1","493","±180","225","±185","45.6%","±32.0","268","±162","54.4%","±32.0","99","±75","93","±74","93.9%","±9.3","6","±9","6.1%","±9.3","445","±179","231","±132","51.9%","±19.8","214","±115","48.1%","±19.8","499","±137","329","±112","65.9%","±11.9","170","±74","34.1%","±11.9","504","±193","407","±171","80.8%","±10.6","97","±60","19.2%","±10.6","93","±69","24","±36","25.8%","±34.2","69","±60","74.2%","±34.2","6,023","±600","2,648","±329","44.0%","±5.0","3,375","±514","56.0%","±5.0"
"        Education, legal, community service, arts, and media occupations:","2,746","±348","981","±178","35.7%","±4.8","1,765","±267","64.3%","±4.8","34,276","±1,432","10,439","±744","30.5%","±1.8","23,837","±1,197","69.5%","±1.8","50,470","±1,830","17,272","±816","34.2%","±1.3","33,198","±1,487","65.8%","±1.3","5,039","±685","1,411","±351","28.0%","±4.9","3,628","±499","72.0%","±4.9","1,595","±260","416","±143","26.1%","±6.9","1,179","±194","73.9%","±6.9","10,167","±800","2,665","±319","26.2%","±2.9","7,502","±721","73.8%","±2.9","4,912","±549","1,273","±241","25.9%","±4.1","3,639","±465","74.1%","±4.1","7,861","±614","2,185","±362","27.8%","±4.0","5,676","±531","72.2%","±4.0","1,184","±227","350","±118","29.6%","±8.2","834","±186","70.4%","±8.2","15,494","±865","5,395","±552","34.8%","±2.6","10,099","±610","65.2%","±2.6","1,279","±203","323","±94","25.3%","±5.6","956","±155","74.7%","±5.6","12,945","±733","3,701","±332","28.6%","±2.3","9,244","±647","71.4%","±2.3","24,639","±1,221","8,661","±878","35.2%","±3.0","15,978","±1,047","64.8%","±3.0","1,256","±274","511","±151","40.7%","±8.7","745","±200","59.3%","±8.7","85,615","±2,102","33,385","±1,390","39.0%","±1.3","52,230","±1,630","61.0%","±1.3","53,935","±1,645","19,216","±1,061","35.6%","±1.6","34,719","±1,315","64.4%","±1.6","2,832","±389","822","±179","29.0%","±5.4","2,010","±330","71.0%","±5.4","4,769","±620","1,367","±341","28.7%","±5.7","3,402","±488","71.3%","±5.7","1,065","±208","342","±112","32.1%","±8.1","723","±163","67.9%","±8.1","2,199","±335","848","±189","38.6%","±5.8","1,351","±233","61.4%","±5.8","6,111","±544","1,672","±305","27.4%","±4.2","4,439","±455","72.6%","±4.2","6,217","±597","2,199","±375","35.4%","±4.4","4,018","±426","64.6%","±4.4","2,442","±410","736","±252","30.1%","±7.3","1,706","±271","69.9%","±7.3","39,846","±1,590","14,718","±932","36.9%","±1.5","25,128","±1,065","63.1%","±1.5"
"            Community and social service occupations","566","±140","225","±84","39.8%","±10.9","341","±103","60.2%","±10.9","4,757","±564","1,331","±283","28.0%","±4.8","3,426","±458","72.0%","±4.8","8,285","±696","2,782","±411","33.6%","±3.9","5,503","±543","66.4%","±3.9","553","±174","74","±47","13.4%","±7.6","479","±159","86.6%","±7.6","355","±150","169","±115","47.6%","±19.4","186","±81","52.4%","±19.4","1,201","±271","246","±104","20.5%","±8.7","955","±261","79.5%","±8.7","781","±295","266","±132","34.1%","±12.5","515","±224","65.9%","±12.5","1,164","±248","388","±178","33.3%","±13.2","776","±218","66.7%","±13.2","219","±77","61","±42","27.9%","±15.2","158","±61","72.1%","±15.2","2,131","±281","730","±154","34.3%","±6.0","1,401","±232","65.7%","±6.0","256","±93","41","±36","16.0%","±12.3","215","±83","84.0%","±12.3","2,200","±398","587","±177","26.7%","±6.8","1,613","±337","73.3%","±6.8","3,360","±506","1,472","±369","43.8%","±7.3","1,888","±316","56.2%","±7.3","262","±121","127","±96","48.5%","±24.5","135","±78","51.5%","±24.5","10,200","±916","3,951","±644","38.7%","±4.5","6,249","±645","61.3%","±4.5","10,488","±906","3,561","±487","34.0%","±3.6","6,927","±702","66.0%","±3.6","429","±167","119","±102","27.7%","±19.6","310","±132","72.3%","±19.6","627","±202","211","±134","33.7%","±17.8","416","±161","66.3%","±17.8","201","±113","103","±96","51.2%","±30.8","98","±58","48.8%","±30.8","511","±149","123","±54","24.1%","±9.6","388","±133","75.9%","±9.6","1,390","±273","556","±188","40.0%","±11.4","834","±231","60.0%","±11.4","1,225","±267","410","±153","33.5%","±9.4","815","±200","66.5%","±9.4","409","±181","135","±89","33.0%","±12.8","274","±116","67.0%","±12.8","7,388","±761","1,985","±307","26.9%","±3.7","5,403","±673","73.1%","±3.7"
"            Legal occupations","64","±41","33","±27","51.6%","±27.0","31","±26","48.4%","±27.0","4,503","±534","1,846","±302","41.0%","±5.2","2,657","±414","59.0%","±5.2","7,258","±684","3,548","±434","48.9%","±4.5","3,710","±505","51.1%","±4.5","627","±216","354","±193","56.5%","±18.7","273","±121","43.5%","±18.7","120","±77","48","±39","40.0%","±18.6","72","±49","60.0%","±18.6","678","±142","257","±78","37.9%","±10.3","421","±121","62.1%","±10.3","329","±152","117","±92","35.6%","±22.3","212","±117","64.4%","±22.3","1,111","±275","281","±128","25.3%","±10.7","830","±249","74.7%","±10.7","135","±76","13","±20","9.6%","±13.1","122","±68","90.4%","±13.1","1,409","±244","806","±199","57.2%","±8.6","603","±145","42.8%","±8.6","156","±69","85","±51","54.5%","±22.2","71","±46","45.5%","±22.2","1,350","±269","395","±101","29.3%","±7.9","955","±255","70.7%","±7.9","3,133","±452","1,552","±309","49.5%","±7.8","1,581","±352","50.5%","±7.8","126","±79","52","±48","41.3%","±24.9","74","±51","58.7%","±24.9","18,736","±1,087","10,142","±750","54.1%","±2.5","8,594","±696","45.9%","±2.5","6,136","±641","2,171","±346","35.4%","±4.3","3,965","±490","64.6%","±4.3","296","±100","171","±76","57.8%","±14.2","125","±56","42.2%","±14.2","353","±155","175","±126","49.6%","±19.9","178","±70","50.4%","±19.9","76","±60","18","±21","23.7%","±26.6","58","±56","76.3%","±26.6","389","±139","235","±113","60.4%","±17.4","154","±82","39.6%","±17.4","307","±124","126","±90","41.0%","±21.3","181","±89","59.0%","±21.3","373","±201","209","±175","56.0%","±27.5","164","±100","44.0%","±27.5","123","±55","62","±42","50.4%","±25.6","61","±42","49.6%","±25.6","5,190","±553","2,412","±438","46.5%","±6.2","2,778","±411","53.5%","±6.2"
"            Educational instruction, and library occupations","1,627","±268","400","±121","24.6%","±6.1","1,227","±224","75.4%","±6.1","18,600","±1,187","4,230","±451","22.7%","±2.1","14,370","±1,024","77.3%","±2.1","26,708","±1,403","6,606","±571","24.7%","±2.0","20,102","±1,291","75.3%","±2.0","3,156","±564","626","±242","19.8%","±5.4","2,530","±406","80.2%","±5.4","983","±187","140","±71","14.2%","±6.3","843","±163","85.8%","±6.3","6,819","±651","1,455","±246","21.3%","±3.0","5,364","±550","78.7%","±3.0","3,281","±490","683","±202","20.8%","±5.3","2,598","±423","79.2%","±5.3","4,615","±531","1,043","±240","22.6%","±4.4","3,572","±451","77.4%","±4.4","667","±169","174","±82","26.1%","±10.6","493","±147","73.9%","±10.6","8,849","±680","2,270","±390","25.7%","±3.3","6,579","±478","74.3%","±3.3","798","±156","146","±73","18.3%","±7.7","652","±131","81.7%","±7.7","7,302","±596","1,755","±204","24.0%","±3.1","5,547","±592","76.0%","±3.1","13,490","±987","3,446","±489","25.5%","±3.4","10,044","±928","74.5%","±3.4","682","±216","236","±104","34.6%","±11.5","446","±167","65.4%","±11.5","37,859","±1,553","10,622","±901","28.1%","±1.9","27,237","±1,201","71.9%","±1.9","28,477","±1,268","8,445","±709","29.7%","±2.1","20,032","±1,053","70.3%","±2.1","1,713","±292","428","±125","25.0%","±6.9","1,285","±268","75.0%","±6.9","3,215","±493","726","±214","22.6%","±6.1","2,489","±444","77.4%","±6.1","650","±164","141","±59","21.7%","±7.6","509","±140","78.3%","±7.6","971","±210","317","±127","32.6%","±9.6","654","±154","67.4%","±9.6","3,256","±374","461","±121","14.2%","±3.8","2,795","±370","85.8%","±3.8","3,636","±464","928","±252","25.5%","±5.7","2,708","±378","74.5%","±5.7","1,551","±301","356","±158","23.0%","±7.8","1,195","±225","77.0%","±7.8","20,250","±1,162","6,620","±646","32.7%","±2.0","13,630","±754","67.3%","±2.0"
"            Arts, design, entertainment, sports, and media occupations","489","±137","323","±112","66.1%","±12.3","166","±73","33.9%","±12.3","6,416","±637","3,032","±435","47.3%","±4.3","3,384","±408","52.7%","±4.3","8,219","±636","4,336","±476","52.8%","±4.2","3,883","±460","47.2%","±4.2","703","±227","357","±165","50.8%","±12.9","346","±122","49.2%","±12.9","137","±80","59","±44","43.1%","±25.7","78","±61","56.9%","±25.7","1,469","±260","707","±154","48.1%","±8.7","762","±207","51.9%","±8.7","521","±140","207","±81","39.7%","±12.6","314","±112","60.3%","±12.6","971","±209","473","±150","48.7%","±10.9","498","±148","51.3%","±10.9","163","±75","102","±56","62.6%","±20.8","61","±43","37.4%","±20.8","3,105","±333","1,589","±252","51.2%","±6.5","1,516","±269","48.8%","±6.5","69","±41","51","±33","73.9%","±26.5","18","±23","26.1%","±26.5","2,093","±333","964","±208","46.1%","±7.7","1,129","±256","53.9%","±7.7","4,656","±703","2,191","±518","47.1%","±7.0","2,465","±423","52.9%","±7.0","186","±90","96","±62","51.6%","±19.2","90","±52","48.4%","±19.2","18,820","±935","8,670","±675","46.1%","±2.8","10,150","±737","53.9%","±2.8","8,834","±810","5,039","±610","57.0%","±3.6","3,795","±424","43.0%","±3.6","394","±139","104","±46","26.4%","±10.9","290","±123","73.6%","±10.9","574","±182","255","±109","44.4%","±13.2","319","±128","55.6%","±13.2","138","±67","80","±53","58.0%","±24.3","58","±40","42.0%","±24.3","328","±99","173","±75","52.7%","±15.0","155","±66","47.3%","±15.0","1,158","±238","529","±181","45.7%","±11.2","629","±167","54.3%","±11.2","983","±293","652","±243","66.3%","±12.8","331","±148","33.7%","±12.8","359","±152","183","±123","51.0%","±23.2","176","±96","49.0%","±23.2","7,018","±602","3,701","±409","52.7%","±4.0","3,317","±409","47.3%","±4.0"
"        Healthcare practitioners and technical occupations:","1,861","±233","388","±118","20.8%","±5.6","1,473","±206","79.2%","±5.6","16,296","±1,175","3,503","±516","21.5%","±2.7","12,793","±1,001","78.5%","±2.7","32,097","±1,239","7,123","±669","22.2%","±1.9","24,974","±1,118","77.8%","±1.9","2,232","±341","502","±191","22.5%","±7.6","1,730","±297","77.5%","±7.6","767","±206","112","±68","14.6%","±8.2","655","±187","85.4%","±8.2","6,396","±560","1,218","±258","19.0%","±3.5","5,178","±474","81.0%","±3.5","2,809","±384","357","±126","12.7%","±4.4","2,452","±372","87.3%","±4.4","4,319","±510","1,053","±242","24.4%","±4.9","3,266","±448","75.6%","±4.9","1,179","±282","228","±104","19.3%","±7.9","951","±249","80.7%","±7.9","7,462","±510","1,457","±258","19.5%","±3.0","6,005","±441","80.5%","±3.0","861","±254","196","±123","22.8%","±11.5","665","±204","77.2%","±11.5","9,669","±714","1,845","±372","19.1%","±3.5","7,824","±650","80.9%","±3.5","13,325","±883","3,607","±496","27.1%","±3.0","9,718","±707","72.9%","±3.0","615","±154","127","±73","20.7%","±10.2","488","±132","79.3%","±10.2","32,604","±1,479","10,542","±893","32.3%","±1.9","22,062","±1,026","67.7%","±1.9","24,503","±1,386","5,367","±645","21.9%","±2.2","19,136","±1,168","78.1%","±2.2","1,797","±293","454","±159","25.3%","±8.3","1,343","±278","74.7%","±8.3","1,944","±314","292","±131","15.0%","±6.2","1,652","±289","85.0%","±6.2","818","±256","184","±168","22.5%","±17.8","634","±214","77.5%","±17.8","1,292","±216","304","±98","23.5%","±7.4","988","±205","76.5%","±7.4","4,016","±535","679","±161","16.9%","±4.2","3,337","±529","83.1%","±4.2","2,986","±468","704","±232","23.6%","±5.8","2,282","±347","76.4%","±5.8","1,401","±272","201","±81","14.3%","±5.6","1,200","±260","85.7%","±5.6","19,649","±1,029","5,123","±587","26.1%","±2.5","14,526","±845","73.9%","±2.5"
"            Health diagnosing and treating practitioners and other technical occupations","1,294","±203","318","±105","24.6%","±7.1","976","±177","75.4%","±7.1","11,740","±995","2,568","±479","21.9%","±3.4","9,172","±831","78.1%","±3.4","22,419","±1,110","5,211","±547","23.2%","±2.2","17,208","±992","76.8%","±2.2","1,379","±259","358","±156","26.0%","±10.7","1,021","±247","74.0%","±10.7","459","±163","63","±53","13.7%","±11.7","396","±158","86.3%","±11.7","4,406","±494","801","±189","18.2%","±3.7","3,605","±431","81.8%","±3.7","1,818","±308","254","±90","14.0%","±4.8","1,564","±294","86.0%","±4.8","2,549","±390","608","±180","23.9%","±6.2","1,941","±341","76.1%","±6.2","619","±164","99","±62","16.0%","±9.7","520","±152","84.0%","±9.7","5,378","±465","1,107","±232","20.6%","±3.9","4,271","±423","79.4%","±3.9","600","±216","141","±110","23.5%","±16.1","459","±187","76.5%","±16.1","6,989","±680","1,329","±357","19.0%","±4.5","5,660","±592","81.0%","±4.5","10,909","±735","3,186","±436","29.2%","±3.2","7,723","±594","70.8%","±3.2","400","±119","99","±62","24.8%","±14.9","301","±112","75.3%","±14.9","24,721","±1,359","8,113","±670","32.8%","±1.9","16,608","±1,016","67.2%","±1.9","16,158","±1,155","3,420","±566","21.2%","±2.9","12,738","±943","78.8%","±2.9","817","±166","140","±84","17.1%","±9.0","677","±139","82.9%","±9.0","1,353","±259","129","±101","9.5%","±7.1","1,224","±246","90.5%","±7.1","471","±176","86","±77","18.3%","±16.9","385","±174","81.7%","±16.9","888","±184","216","±81","24.3%","±8.7","672","±171","75.7%","±8.7","2,804","±434","520","±143","18.5%","±5.5","2,284","±437","81.5%","±5.5","2,263","±386","517","±198","22.8%","±6.9","1,746","±296","77.2%","±6.9","894","±183","185","±78","20.7%","±7.7","709","±164","79.3%","±7.7","13,500","±703","3,496","±431","25.9%","±2.9","10,004","±659","74.1%","±2.9"
"            Health technologists and technicians","567","±145","70","±53","12.3%","±8.9","497","±135","87.7%","±8.9","4,556","±657","935","±288","20.5%","±5.3","3,621","±554","79.5%","±5.3","9,678","±800","1,912","±356","19.8%","±3.6","7,766","±785","80.2%","±3.6","853","±235","144","±106","16.9%","±11.3","709","±207","83.1%","±11.3","308","±102","49","±39","15.9%","±11.9","259","±94","84.1%","±11.9","1,990","±384","417","±177","21.0%","±7.4","1,573","±312","79.0%","±7.4","991","±246","103","±74","10.4%","±7.0","888","±230","89.6%","±7.0","1,770","±328","445","±154","25.1%","±8.3","1,325","±310","74.9%","±8.3","560","±191","129","±74","23.0%","±11.7","431","±166","77.0%","±11.7","2,084","±345","350","±111","16.8%","±5.1","1,734","±322","83.2%","±5.1","261","±102","55","±51","21.1%","±15.6","206","±81","78.9%","±15.6","2,680","±347","516","±127","19.3%","±4.7","2,164","±335","80.7%","±4.7","2,416","±439","421","±181","17.4%","±6.4","1,995","±376","82.6%","±6.4","215","±97","28","±36","13.0%","±16.1","187","±91","87.0%","±16.1","7,883","±780","2,429","±429","30.8%","±4.3","5,454","±613","69.2%","±4.3","8,345","±672","1,947","±309","23.3%","±3.5","6,398","±625","76.7%","±3.5","980","±239","314","±137","32.0%","±12.6","666","±214","68.0%","±12.6","591","±208","163","±95","27.6%","±13.2","428","±170","72.4%","±13.2","347","±174","98","±136","28.2%","±27.6","249","±106","71.8%","±27.6","404","±135","88","±59","21.8%","±12.7","316","±117","78.2%","±12.7","1,212","±287","159","±98","13.1%","±7.5","1,053","±266","86.9%","±7.5","723","±202","187","±74","25.9%","±9.4","536","±179","74.1%","±9.4","507","±186","16","±25","3.2%","±5.1","491","±188","96.8%","±5.1","6,149","±672","1,627","±325","26.5%","±4.1","4,522","±521","73.5%","±4.1"
"    Service occupations:","6,407","±522","2,931","±338","45.7%","±3.8","3,476","±380","54.3%","±3.8","42,778","±1,978","19,885","±1,369","46.5%","±2.3","22,893","±1,438","53.5%","±2.3","66,960","±2,181","30,168","±1,490","45.1%","±1.6","36,792","±1,610","54.9%","±1.6","7,518","±627","3,522","±494","46.8%","±5.2","3,996","±514","53.2%","±5.2","3,232","±342","1,340","±176","41.5%","±4.1","1,892","±259","58.5%","±4.1","12,429","±807","5,921","±509","47.6%","±3.0","6,508","±588","52.4%","±3.0","7,839","±760","3,370","±420","43.0%","±3.6","4,469","±532","57.0%","±3.6","13,925","±769","7,071","±561","50.8%","±3.0","6,854","±581","49.2%","±3.0","3,259","±313","1,372","±228","42.1%","±5.9","1,887","±264","57.9%","±5.9","22,100","±991","10,314","±764","46.7%","±2.4","11,786","±661","53.3%","±2.4","2,364","±271","930","±178","39.3%","±6.1","1,434","±222","60.7%","±6.1","19,636","±1,048","8,917","±795","45.4%","±2.7","10,719","±681","54.6%","±2.7","18,823","±1,238","8,440","±792","44.8%","±2.9","10,383","±869","55.2%","±2.9","1,586","±237","552","±139","34.8%","±7.0","1,034","±189","65.2%","±7.0","82,859","±2,032","33,238","±1,525","40.1%","±1.4","49,621","±1,536","59.9%","±1.4","95,631","±2,584","44,081","±1,765","46.1%","±1.3","51,550","±1,794","53.9%","±1.3","3,825","±385","1,756","±249","45.9%","±5.4","2,069","±316","54.1%","±5.4","8,181","±845","3,564","±460","43.6%","±4.1","4,617","±616","56.4%","±4.1","2,347","±379","909","±351","38.7%","±10.6","1,438","±236","61.3%","±10.6","3,075","±392","1,395","±267","45.4%","±5.6","1,680","±254","54.6%","±5.6","12,805","±885","5,987","±674","46.8%","±3.7","6,818","±610","53.2%","±3.7","10,835","±724","4,513","±522","41.7%","±3.8","6,322","±566","58.3%","±3.8","5,624","±533","2,804","±352","49.9%","±3.6","2,820","±315","50.1%","±3.6","55,510","±1,790","22,084","±1,242","39.8%","±1.8","33,426","±1,471","60.2%","±1.8"
"        Healthcare support occupations","1,344","±294","234","±130","17.4%","±8.0","1,110","±237","82.6%","±8.0","5,672","±655","948","±314","16.7%","±4.9","4,724","±569","83.3%","±4.9","12,733","±1,059","2,100","±419","16.5%","±2.8","10,633","±897","83.5%","±2.8","936","±258","57","±46","6.1%","±4.7","879","±249","93.9%","±4.7","692","±210","101","±79","14.6%","±9.5","591","±170","85.4%","±9.5","2,168","±293","337","±111","15.5%","±4.6","1,831","±264","84.5%","±4.6","1,216","±284","52","±42","4.3%","±3.6","1,164","±283","95.7%","±3.6","2,294","±446","371","±165","16.2%","±6.7","1,923","±409","83.8%","±6.7","759","±172","75","±68","9.9%","±8.6","684","±165","90.1%","±8.6","3,072","±360","507","±165","16.5%","±5.1","2,565","±342","83.5%","±5.1","553","±164","61","±60","11.0%","±9.6","492","±139","89.0%","±9.6","2,958","±379","274","±117","9.3%","±3.6","2,684","±347","90.7%","±3.6","2,909","±428","415","±148","14.3%","±4.7","2,494","±398","85.7%","±4.7","208","±96","28","±29","13.5%","±12.7","180","±88","86.5%","±12.7","13,577","±837","2,186","±348","16.1%","±2.5","11,391","±818","83.9%","±2.5","15,417","±1,196","3,181","±495","20.6%","±2.5","12,236","±951","79.4%","±2.5","495","±165","0","±30","0.0%","±7.3","495","±165","100.0%","±7.3","964","±255","89","±101","9.2%","±9.9","875","±236","90.8%","±9.9","424","±136","17","±24","4.0%","±5.9","407","±135","96.0%","±5.9","346","±125","9","±16","2.6%","±4.7","337","±124","97.4%","±4.7","2,102","±345","181","±114","8.6%","±5.2","1,921","±336","91.4%","±5.2","2,088","±448","293","±221","14.0%","±9.6","1,795","±395","86.0%","±9.6","636","±180","101","±97","15.9%","±13.7","535","±158","84.1%","±13.7","12,892","±971","1,565","±330","12.1%","±2.4","11,327","±897","87.9%","±2.4"
"        Protective service occupations:","1,214","±260","980","±190","80.7%","±8.2","234","±129","19.3%","±8.2","9,346","±875","6,952","±692","74.4%","±3.5","2,394","±423","25.6%","±3.5","11,638","±841","8,044","±779","69.1%","±3.8","3,594","±490","30.9%","±3.8","2,108","±398","1,824","±357","86.5%","±5.0","284","±120","13.5%","±5.0","532","±132","464","±119","87.2%","±6.1","68","±37","12.8%","±6.1","1,898","±239","1,590","±211","83.8%","±5.4","308","±115","16.2%","±5.4","1,123","±244","913","±195","81.3%","±9.3","210","±126","18.7%","±9.3","4,318","±537","3,296","±472","76.3%","±4.8","1,022","±236","23.7%","±4.8","437","±176","386","±168","88.3%","±10.7","51","±47","11.7%","±10.7","3,942","±484","3,336","±453","84.6%","±3.5","606","±144","15.4%","±3.5","173","±70","162","±66","93.6%","±9.0","11","±16","6.4%","±9.0","4,164","±607","3,484","±554","83.7%","±3.9","680","±180","16.3%","±3.9","3,183","±498","2,501","±454","78.6%","±5.7","682","±194","21.4%","±5.7","156","±94","122","±70","78.2%","±16.1","34","±36","21.8%","±16.1","7,879","±699","6,393","±630","81.1%","±3.1","1,486","±269","18.9%","±3.1","19,139","±1,196","12,928","±978","67.5%","±2.5","6,211","±594","32.5%","±2.5","1,096","±208","900","±187","82.1%","±9.7","196","±118","17.9%","±9.7","1,481","±333","1,030","±269","69.5%","±11.3","451","±204","30.5%","±11.3","481","±231","409","±211","85.0%","±15.0","72","±74","15.0%","±15.0","259","±94","234","±93","90.3%","±11.7","25","±30","9.7%","±11.7","2,792","±458","2,313","±460","82.8%","±5.9","479","±158","17.2%","±5.9","1,194","±287","942","±258","78.9%","±8.2","252","±109","21.1%","±8.2","774","±190","615","±163","79.5%","±8.7","159","±80","20.5%","±8.7","8,698","±795","5,245","±609","60.3%","±4.8","3,453","±539","39.7%","±4.8"
"            Firefighting and prevention, and other protective service workers including supervisors","369","±135","256","±90","69.4%","±21.3","113","±102","30.6%","±21.3","4,570","±413","3,238","±412","70.9%","±5.5","1,332","±259","29.1%","±5.5","6,269","±637","4,256","±550","67.9%","±5.4","2,013","±394","32.1%","±5.4","949","±267","836","±249","88.1%","±7.5","113","±74","11.9%","±7.5","263","±100","251","±100","95.4%","±5.1","12","±12","4.6%","±5.1","977","±185","786","±157","80.5%","±8.2","191","±94","19.5%","±8.2","505","±136","406","±128","80.4%","±9.9","99","±51","19.6%","±9.9","2,489","±449","1,910","±401","76.7%","±5.9","579","±161","23.3%","±5.9","155","±86","143","±86","92.3%","±11.3","12","±16","7.7%","±11.3","2,136","±321","1,761","±282","82.4%","±5.0","375","±121","17.6%","±5.0","58","±45","58","±45","100.0%","±41.8","0","±24","0.0%","±41.8","2,147","±435","1,719","±406","80.1%","±7.2","428","±160","19.9%","±7.2","1,766","±340","1,353","±305","76.6%","±6.9","413","±133","23.4%","±6.9","51","±43","44","±43","86.3%","±25.9","7","±11","13.7%","±25.9","4,632","±634","3,694","±566","79.7%","±3.6","938","±189","20.3%","±3.6","12,018","±897","8,028","±754","66.8%","±3.2","3,990","±450","33.2%","±3.2","561","±159","466","±130","83.1%","±14.2","95","±92","16.9%","±14.2","978","±296","715","±235","73.1%","±12.7","263","±154","26.9%","±12.7","25","±27","15","±20","60.0%","±42.8","10","±14","40.0%","±42.8","121","±50","96","±47","79.3%","±23.0","25","±30","20.7%","±23.0","1,680","±401","1,335","±394","79.5%","±8.5","345","±137","20.5%","±8.5","494","±173","303","±135","61.3%","±15.7","191","±100","38.7%","±15.7","323","±116","268","±103","83.0%","±9.8","55","±36","17.0%","±9.8","5,728","±607","3,240","±397","56.6%","±6.8","2,488","±551","43.4%","±6.8"
"            Law enforcement workers including supervisors","845","±207","724","±169","85.7%","±8.2","121","±83","14.3%","±8.2","4,776","±690","3,714","±527","77.8%","±5.0","1,062","±317","22.2%","±5.0","5,369","±575","3,788","±479","70.6%","±5.0","1,581","±325","29.4%","±5.0","1,159","±288","988","±236","85.2%","±6.9","171","±100","14.8%","±6.9","269","±87","213","±68","79.2%","±9.8","56","±36","20.8%","±9.8","921","±177","804","±155","87.3%","±7.6","117","±79","12.7%","±7.6","618","±206","507","±153","82.0%","±12.5","111","±99","18.0%","±12.5","1,829","±351","1,386","±280","75.8%","±8.0","443","±182","24.2%","±8.0","282","±151","243","±144","86.2%","±16.5","39","±46","13.8%","±16.5","1,806","±347","1,575","±327","87.2%","±4.6","231","±87","12.8%","±4.6","115","±61","104","±61","90.4%","±14.7","11","±16","9.6%","±14.7","2,017","±410","1,765","±395","87.5%","±4.7","252","±95","12.5%","±4.7","1,417","±312","1,148","±280","81.0%","±8.2","269","±127","19.0%","±8.2","105","±61","78","±46","74.3%","±26.0","27","±33","25.7%","±26.0","3,247","±480","2,699","±454","83.1%","±5.4","548","±184","16.9%","±5.4","7,121","±752","4,900","±604","68.8%","±4.3","2,221","±389","31.2%","±4.3","535","±146","434","±133","81.1%","±12.1","101","±71","18.9%","±12.1","503","±173","315","±150","62.6%","±22.0","188","±132","37.4%","±22.0","456","±222","394","±206","86.4%","±15.6","62","±71","13.6%","±15.6","138","±82","138","±82","100.0%","±23.5","0","±27","0.0%","±23.5","1,112","±214","978","±213","87.9%","±6.2","134","±68","12.1%","±6.2","700","±214","639","±201","91.3%","±6.9","61","±52","8.7%","±6.9","451","±154","347","±129","76.9%","±14.3","104","±76","23.1%","±14.3","2,970","±546","2,005","±476","67.5%","±8.1","965","±266","32.5%","±8.1"
"        Food preparation and serving related occupations","2,095","±365","860","±204","41.1%","±6.7","1,235","±261","58.9%","±6.7","12,739","±1,129","6,071","±869","47.7%","±4.6","6,668","±750","52.3%","±4.6","18,727","±1,122","8,765","±808","46.8%","±3.2","9,962","±835","53.2%","±3.2","2,100","±405","884","±267","42.1%","±9.7","1,216","±308","57.9%","±9.7","681","±168","151","±75","22.2%","±9.3","530","±139","77.8%","±9.3","3,392","±444","1,763","±306","52.0%","±6.2","1,629","±304","48.0%","±6.2","2,736","±546","1,025","±309","37.5%","±8.1","1,711","±395","62.5%","±8.1","3,059","±449","1,651","±336","54.0%","±7.1","1,408","±287","46.0%","±7.1","861","±202","354","±145","41.1%","±11.0","507","±126","58.9%","±11.0","6,554","±525","2,630","±360","40.1%","±4.3","3,924","±410","59.9%","±4.3","814","±188","192","±72","23.6%","±8.0","622","±168","76.4%","±8.0","5,644","±540","2,316","±364","41.0%","±4.7","3,328","±389","59.0%","±4.7","5,834","±665","2,992","±465","51.3%","±6.3","2,842","±520","48.7%","±6.3","629","±148","176","±79","28.0%","±10.8","453","±128","72.0%","±10.8","23,001","±1,263","11,344","±888","49.3%","±3.0","11,657","±969","50.7%","±3.0","23,548","±1,439","11,171","±843","47.4%","±2.4","12,377","±998","52.6%","±2.4","980","±197","359","±134","36.6%","±11.2","621","±162","63.4%","±11.2","2,297","±471","976","±277","42.5%","±9.0","1,321","±350","57.5%","±9.0","322","±158","71","±85","22.0%","±21.7","251","±133","78.0%","±21.7","946","±222","333","±137","35.2%","±11.7","613","±182","64.8%","±11.7","3,547","±459","1,376","±305","38.8%","±6.6","2,171","±343","61.2%","±6.6","3,652","±507","1,611","±375","44.1%","±7.7","2,041","±381","55.9%","±7.7","2,583","±371","1,235","±256","47.8%","±7.3","1,348","±274","52.2%","±7.3","14,724","±934","7,038","±727","47.8%","±3.7","7,686","±691","52.2%","±3.7"
"        Building and grounds cleaning and maintenance occupations","1,093","±194","653","±149","59.7%","±9.5","440","±135","40.3%","±9.5","6,779","±742","4,113","±595","60.7%","±6.5","2,666","±549","39.3%","±6.5","12,120","±1,132","7,967","±850","65.7%","±3.5","4,153","±580","34.3%","±3.5","1,155","±274","615","±182","53.2%","±15.8","540","±250","46.8%","±15.8","782","±178","558","±165","71.4%","±10.7","224","±88","28.6%","±10.7","2,400","±341","1,837","±288","76.5%","±5.5","563","±156","23.5%","±5.5","1,767","±401","1,222","±301","69.2%","±11.0","545","±251","30.8%","±11.0","1,819","±303","1,092","±230","60.0%","±9.2","727","±216","40.0%","±9.2","716","±161","467","±141","65.2%","±12.8","249","±106","34.8%","±12.8","4,584","±515","3,036","±414","66.2%","±5.1","1,548","±288","33.8%","±5.1","613","±192","416","±158","67.9%","±13.1","197","±97","32.1%","±13.1","3,605","±478","2,313","±408","64.2%","±8.0","1,292","±344","35.8%","±8.0","2,419","±421","1,455","±341","60.1%","±9.2","964","±275","39.9%","±9.2","363","±141","118","±64","32.5%","±15.8","245","±122","67.5%","±15.8","20,632","±1,257","9,311","±873","45.1%","±3.0","11,321","±870","54.9%","±3.0","23,251","±1,406","12,718","±1,085","54.7%","±3.1","10,533","±941","45.3%","±3.1","655","±165","449","±122","68.5%","±13.8","206","±117","31.5%","±13.8","1,969","±478","1,278","±361","64.9%","±9.2","691","±243","35.1%","±9.2","602","±255","337","±180","56.0%","±13.8","265","±126","44.0%","±13.8","1,025","±250","672","±191","65.6%","±10.8","353","±140","34.4%","±10.8","2,282","±381","1,640","±330","71.9%","±7.5","642","±195","28.1%","±7.5","2,119","±403","1,280","±328","60.4%","±9.3","839","±242","39.6%","±9.3","1,093","±229","738","±166","67.5%","±8.1","355","±124","32.5%","±8.1","11,186","±906","6,289","±637","56.2%","±3.7","4,897","±595","43.8%","±3.7"
"        Personal care and service occupations","661","±172","204","±101","30.9%","±12.8","457","±141","69.1%","±12.8","8,242","±732","1,801","±326","21.9%","±3.8","6,441","±690","78.1%","±3.8","11,742","±846","3,292","±446","28.0%","±3.1","8,450","±694","72.0%","±3.1","1,219","±282","142","±85","11.6%","±6.5","1,077","±262","88.4%","±6.5","545","±134","66","±40","12.1%","±6.5","479","±119","87.9%","±6.5","2,571","±405","394","±112","15.3%","±4.5","2,177","±393","84.7%","±4.5","997","±255","158","±80","15.8%","±7.6","839","±238","84.2%","±7.6","2,435","±421","661","±263","27.1%","±8.4","1,774","±318","72.9%","±8.4","486","±128","90","±63","18.5%","±12.0","396","±118","81.5%","±12.0","3,948","±399","805","±187","20.4%","±3.7","3,143","±311","79.6%","±3.7","211","±79","99","±53","46.9%","±20.8","112","±66","53.1%","±20.8","3,265","±460","530","±158","16.2%","±4.6","2,735","±436","83.8%","±4.6","4,478","±557","1,077","±291","24.1%","±5.3","3,401","±455","75.9%","±5.3","230","±77","108","±44","47.0%","±16.4","122","±62","53.0%","±16.4","17,770","±1,122","4,004","±419","22.5%","±1.8","13,766","±896","77.5%","±1.8","14,276","±858","4,083","±411","28.6%","±2.8","10,193","±811","71.4%","±2.8","599","±135","48","±43","8.0%","±6.9","551","±128","92.0%","±6.9","1,470","±360","191","±104","13.0%","±7.6","1,279","±364","87.0%","±7.6","518","±186","75","±49","14.5%","±8.4","443","±169","85.5%","±8.4","499","±166","147","±91","29.5%","±15.3","352","±138","70.5%","±15.3","2,082","±343","477","±171","22.9%","±7.4","1,605","±312","77.1%","±7.4","1,782","±420","387","±195","21.7%","±9.2","1,395","±347","78.3%","±9.2","538","±137","115","±69","21.4%","±11.1","423","±119","78.6%","±11.1","8,010","±699","1,947","±377","24.3%","±4.1","6,063","±603","75.7%","±4.1"
"    Sales and office occupations:","6,023","±434","2,102","±300","34.9%","±4.1","3,921","±355","65.1%","±4.1","60,574","±2,274","20,929","±1,350","34.6%","±1.8","39,645","±1,843","65.4%","±1.8","91,810","±2,313","32,844","±1,546","35.8%","±1.3","58,966","±1,689","64.2%","±1.3","8,878","±640","3,015","±355","34.0%","±3.3","5,863","±534","66.0%","±3.3","3,238","±371","886","±195","27.4%","±4.3","2,352","±266","72.6%","±4.3","17,843","±841","6,832","±565","38.3%","±2.5","11,011","±651","61.7%","±2.5","11,016","±767","3,757","±460","34.1%","±3.3","7,259","±611","65.9%","±3.3","17,652","±981","5,687","±519","32.2%","±2.3","11,965","±779","67.8%","±2.3","3,061","±323","1,093","±200","35.7%","±5.8","1,968","±289","64.3%","±5.8","26,097","±1,176","9,517","±647","36.5%","±1.8","16,580","±879","63.5%","±1.8","2,755","±416","984","±254","35.7%","±5.9","1,771","±263","64.3%","±5.9","28,612","±1,266","10,202","±792","35.7%","±2.1","18,410","±961","64.3%","±2.1","27,161","±1,296","10,662","±769","39.3%","±2.2","16,499","±1,024","60.7%","±2.2","2,049","±288","708","±159","34.6%","±6.2","1,341","±229","65.4%","±6.2","91,947","±2,342","37,729","±1,776","41.0%","±1.3","54,218","±1,564","59.0%","±1.3","93,997","±2,106","31,053","±1,171","33.0%","±1.0","62,944","±1,760","67.0%","±1.0","5,910","±489","2,008","±306","34.0%","±4.4","3,902","±419","66.0%","±4.4","9,953","±825","2,793","±545","28.1%","±4.3","7,160","±617","71.9%","±4.3","2,175","±348","860","±262","39.5%","±8.7","1,315","±242","60.5%","±8.7","3,346","±350","1,068","±205","31.9%","±4.7","2,278","±264","68.1%","±4.7","14,738","±781","4,655","±454","31.6%","±2.7","10,083","±694","68.4%","±2.7","10,925","±793","3,263","±406","29.9%","±3.2","7,662","±677","70.1%","±3.2","5,632","±412","1,915","±244","34.0%","±3.7","3,717","±350","66.0%","±3.7","55,043","±1,925","18,866","±1,312","34.3%","±1.9","36,177","±1,476","65.7%","±1.9"
"        Sales and related occupations","2,464","±298","1,169","±206","47.4%","±6.5","1,295","±233","52.6%","±6.5","27,251","±1,645","12,978","±1,023","47.6%","±2.9","14,273","±1,264","52.4%","±2.9","40,547","±1,730","20,953","±1,211","51.7%","±2.0","19,594","±1,180","48.3%","±2.0","3,346","±440","1,837","±312","54.9%","±6.0","1,509","±285","45.1%","±6.0","1,220","±214","562","±149","46.1%","±8.0","658","±140","53.9%","±8.0","8,217","±671","4,671","±514","56.8%","±3.7","3,546","±402","43.2%","±3.7","4,622","±537","1,916","±328","41.5%","±5.5","2,706","±414","58.5%","±5.5","6,904","±646","3,042","±420","44.1%","±4.6","3,862","±484","55.9%","±4.6","1,392","±200","674","±145","48.4%","±9.7","718","±188","51.6%","±9.7","12,007","±788","6,055","±460","50.4%","±2.5","5,952","±529","49.6%","±2.5","1,245","±295","701","±233","56.3%","±10.7","544","±164","43.7%","±10.7","12,875","±893","6,910","±690","53.7%","±3.5","5,965","±583","46.3%","±3.5","12,475","±849","6,933","±644","55.6%","±3.3","5,542","±541","44.4%","±3.3","1,043","±200","494","±137","47.4%","±11.0","549","±164","52.6%","±11.0","43,765","±1,828","23,281","±1,324","53.2%","±2.2","20,484","±1,300","46.8%","±2.2","35,261","±1,314","15,848","±944","44.9%","±2.2","19,413","±1,079","55.1%","±2.2","3,008","±335","1,507","±247","50.1%","±6.4","1,501","±263","49.9%","±6.4","3,833","±558","1,448","±323","37.8%","±5.7","2,385","±379","62.2%","±5.7","878","±234","636","±238","72.4%","±11.6","242","±89","27.6%","±11.6","1,494","±260","859","±189","57.5%","±7.7","635","±161","42.5%","±7.7","6,377","±620","2,812","±393","44.1%","±4.9","3,565","±496","55.9%","±4.9","5,314","±589","2,210","±362","41.6%","±5.5","3,104","±473","58.4%","±5.5","3,129","±338","1,599","±241","51.1%","±6.1","1,530","±265","48.9%","±6.1","22,840","±1,297","10,067","±855","44.1%","±2.9","12,773","±992","55.9%","±2.9"
"        Office and administrative support occupations","3,559","±411","933","±207","26.2%","±4.4","2,626","±316","73.8%","±4.4","33,323","±1,516","7,951","±789","23.9%","±2.2","25,372","±1,435","76.1%","±2.2","51,263","±1,553","11,891","±870","23.2%","±1.5","39,372","±1,387","76.8%","±1.5","5,532","±646","1,178","±260","21.3%","±4.2","4,354","±573","78.7%","±4.2","2,018","±281","324","±116","16.1%","±5.2","1,694","±255","83.9%","±5.2","9,626","±599","2,161","±303","22.4%","±2.9","7,465","±546","77.6%","±2.9","6,394","±657","1,841","±395","28.8%","±4.5","4,553","±461","71.2%","±4.5","10,748","±809","2,645","±368","24.6%","±2.9","8,103","±685","75.4%","±2.9","1,669","±272","419","±157","25.1%","±7.9","1,250","±225","74.9%","±7.9","14,090","±804","3,462","±486","24.6%","±2.9","10,628","±672","75.4%","±2.9","1,510","±244","283","±113","18.7%","±6.5","1,227","±212","81.3%","±6.5","15,737","±969","3,292","±386","20.9%","±2.2","12,445","±853","79.1%","±2.2","14,686","±1,071","3,729","±443","25.4%","±2.4","10,957","±865","74.6%","±2.4","1,006","±187","214","±99","21.3%","±9.0","792","±168","78.7%","±9.0","48,182","±1,627","14,448","±1,032","30.0%","±1.7","33,734","±1,245","70.0%","±1.7","58,736","±1,708","15,205","±822","25.9%","±1.2","43,531","±1,481","74.1%","±1.2","2,902","±342","501","±155","17.3%","±5.0","2,401","±321","82.7%","±5.0","6,120","±654","1,345","±409","22.0%","±5.6","4,775","±510","78.0%","±5.6","1,297","±256","224","±87","17.3%","±6.5","1,073","±242","82.7%","±6.5","1,852","±277","209","±83","11.3%","±4.1","1,643","±256","88.7%","±4.1","8,361","±649","1,843","±298","22.0%","±3.4","6,518","±611","78.0%","±3.4","5,611","±576","1,053","±256","18.8%","±4.1","4,558","±522","81.2%","±4.1","2,503","±304","316","±115","12.6%","±4.5","2,187","±299","87.4%","±4.5","32,203","±1,664","8,799","±852","27.3%","±2.2","23,404","±1,382","72.7%","±2.2"
"    Natural resources, construction, and maintenance occupations:","2,422","±302","2,391","±300","98.7%","±1.1","31","±28","1.3%","±1.1","22,792","±1,471","21,920","±1,448","96.2%","±1.1","872","±250","3.8%","±1.1","27,822","±1,333","26,673","±1,314","95.9%","±0.9","1,149","±268","4.1%","±0.9","6,092","±620","5,789","±545","95.0%","±2.9","303","±187","5.0%","±2.9","2,334","±307","2,274","±310","97.4%","±2.0","60","±46","2.6%","±2.0","9,460","±739","9,233","±719","97.6%","±0.9","227","±86","2.4%","±0.9","6,323","±659","6,158","±670","97.4%","±1.4","165","±87","2.6%","±1.4","7,565","±675","7,099","±675","93.8%","±2.9","466","±224","6.2%","±2.9","1,587","±190","1,505","±185","94.8%","±3.4","82","±56","5.2%","±3.4","11,544","±697","11,213","±688","97.1%","±1.1","331","±132","2.9%","±1.1","2,012","±249","1,936","±239","96.2%","±2.2","76","±46","3.8%","±2.2","9,805","±741","9,506","±728","97.0%","±1.0","299","±96","3.0%","±1.0","6,488","±726","6,111","±711","94.2%","±2.7","377","±181","5.8%","±2.7","950","±204","866","±184","91.2%","±8.1","84","±82","8.8%","±8.1","31,763","±1,490","30,460","±1,490","95.9%","±0.9","1,303","±276","4.1%","±0.9","49,836","±1,824","47,973","±1,786","96.3%","±0.6","1,863","±289","3.7%","±0.6","2,487","±350","2,268","±287","91.2%","±6.9","219","±188","8.8%","±6.9","6,244","±565","5,898","±544","94.5%","±2.8","346","±178","5.5%","±2.8","861","±254","777","±232","90.2%","±7.5","84","±70","9.8%","±7.5","1,689","±271","1,689","±271","100.0%","±2.2","0","±27","0.0%","±2.2","7,383","±580","7,157","±579","96.9%","±1.5","226","±111","3.1%","±1.5","4,650","±527","4,416","±532","95.0%","±2.5","234","±116","5.0%","±2.5","2,524","±381","2,467","±375","97.7%","±1.6","57","±42","2.3%","±1.6","14,213","±1,094","13,300","±1,053","93.6%","±1.7","913","±254","6.4%","±1.7"
"        Farming, fishing, and forestry occupations","7","±9","7","±9","100.0%","±100.0","0","±30","0.0%","±100.0","274","±123","185","±115","67.5%","±20.1","89","±52","32.5%","±20.1","428","±172","224","±130","52.3%","±23.3","204","±133","47.7%","±23.3","151","±81","110","±79","72.8%","±24.5","41","±34","27.2%","±24.5","300","±144","256","±134","85.3%","±13.8","44","±44","14.7%","±13.8","332","±123","261","±116","78.6%","±12.7","71","±41","21.4%","±12.7","166","±109","84","±92","50.6%","±39.6","82","±74","49.4%","±39.6","59","±50","39","±44","66.1%","±41.8","20","±24","33.9%","±41.8","264","±94","201","±86","76.1%","±18.0","63","±52","23.9%","±18.0","399","±148","339","±141","85.0%","±10.6","60","±43","15.0%","±10.6","77","±39","52","±29","67.5%","±24.2","25","±24","32.5%","±24.2","139","±64","88","±47","63.3%","±24.8","51","±47","36.7%","±24.8","171","±127","53","±37","31.0%","±31.8","118","±122","69.0%","±31.8","310","±150","255","±143","82.3%","±24.8","55","±77","17.7%","±24.8","492","±147","232","±112","47.2%","±18.8","260","±120","52.8%","±18.8","307","±177","265","±173","86.3%","±14.3","42","±40","13.7%","±14.3","426","±206","269","±99","63.1%","±30.7","157","±183","36.9%","±30.7","75","±46","51","±37","68.0%","±32.2","24","±29","32.0%","±32.2","213","±116","168","±82","78.9%","±17.8","45","±51","21.1%","±17.8","196","±146","196","±146","100.0%","±17.3","0","±27","0.0%","±17.3","327","±135","255","±111","78.0%","±9.5","72","±41","22.0%","±9.5","515","±222","373","±195","72.4%","±18.3","142","±105","27.6%","±18.3","103","±63","76","±56","73.8%","±26.8","27","±31","26.2%","±26.8","140","±56","88","±46","62.9%","±27.7","52","±46","37.1%","±27.7"
"        Construction and extraction occupations","1,654","±271","1,635","±270","98.9%","±1.4","19","±22","1.1%","±1.4","12,869","±1,189","12,644","±1,199","98.3%","±0.9","225","±115","1.7%","±0.9","15,212","±944","14,838","±920","97.5%","±0.9","374","±133","2.5%","±0.9","3,989","±564","3,847","±477","96.4%","±3.7","142","±155","3.6%","±3.7","1,204","±248","1,189","±249","98.8%","±1.3","15","±15","1.2%","±1.3","5,752","±616","5,653","±606","98.3%","±1.1","99","±62","1.7%","±1.1","3,749","±470","3,694","±474","98.5%","±1.4","55","±52","1.5%","±1.4","4,750","±647","4,585","±622","96.5%","±2.1","165","±103","3.5%","±2.1","661","±128","656","±129","99.2%","±1.1","5","±7","0.8%","±1.1","7,005","±550","6,835","±560","97.6%","±1.5","170","±104","2.4%","±1.5","1,270","±218","1,235","±208","97.2%","±3.0","35","±40","2.8%","±3.0","5,421","±582","5,267","±553","97.2%","±1.3","154","±77","2.8%","±1.3","3,859","±607","3,619","±591","93.8%","±3.2","240","±125","6.2%","±3.2","334","±119","317","±116","94.9%","±5.8","17","±20","5.1%","±5.8","21,192","±1,257","20,543","±1,259","96.9%","±0.9","649","±186","3.1%","±0.9","36,279","±1,644","35,182","±1,612","97.0%","±0.6","1,097","±217","3.0%","±0.6","1,265","±215","1,255","±216","99.2%","±1.3","10","±16","0.8%","±1.3","3,583","±456","3,453","±443","96.4%","±3.6","130","±130","3.6%","±3.6","486","±210","447","±188","92.0%","±10.5","39","±56","8.0%","±10.5","1,133","±231","1,133","±231","100.0%","±3.3","0","±27","0.0%","±3.3","4,178","±454","4,088","±439","97.8%","±2.3","90","±96","2.2%","±2.3","2,413","±371","2,406","±372","99.7%","±0.4","7","±8","0.3%","±0.4","1,437","±310","1,428","±310","99.4%","±0.9","9","±13","0.6%","±0.9","8,425","±874","7,947","±839","94.3%","±2.2","478","±191","5.7%","±2.2"
"        Installation, maintenance, and repair occupations","761","±167","749","±167","98.4%","±2.6","12","±19","1.6%","±2.6","9,649","±945","9,091","±927","94.2%","±2.3","558","±228","5.8%","±2.3","12,182","±890","11,611","±878","95.3%","±1.5","571","±188","4.7%","±1.5","1,952","±341","1,832","±328","93.9%","±4.9","120","±98","6.1%","±4.9","830","±200","829","±200","99.9%","±0.3","1","±3","0.1%","±0.3","3,376","±467","3,319","±470","98.3%","±1.3","57","±44","1.7%","±1.3","2,408","±432","2,380","±430","98.8%","±1.1","28","±27","1.2%","±1.1","2,756","±453","2,475","±401","89.8%","±6.9","281","±209","10.2%","±6.9","662","±148","648","±146","97.9%","±3.1","14","±21","2.1%","±3.1","4,140","±495","4,039","±468","97.6%","±1.8","101","±80","2.4%","±1.8","665","±178","649","±174","97.6%","±3.4","16","±24","2.4%","±3.4","4,245","±491","4,151","±488","97.8%","±1.3","94","±55","2.2%","±1.3","2,458","±373","2,439","±371","99.2%","±0.7","19","±18","0.8%","±0.7","306","±114","294","±110","96.1%","±6.4","12","±20","3.9%","±6.4","10,079","±867","9,685","±861","96.1%","±1.5","394","±152","3.9%","±1.5","13,250","±985","12,526","±955","94.5%","±1.5","724","±203","5.5%","±1.5","796","±172","744","±160","93.5%","±7.1","52","±59","6.5%","±7.1","2,586","±359","2,394","±341","92.6%","±5.2","192","±139","7.4%","±5.2","162","±67","162","±67","100.0%","±20.5","0","±24","0.0%","±20.5","360","±158","360","±158","100.0%","±9.9","0","±27","0.0%","±9.9","2,878","±440","2,814","±441","97.8%","±1.7","64","±48","2.2%","±1.7","1,722","±295","1,637","±306","95.1%","±3.3","85","±52","4.9%","±3.3","984","±265","963","±261","97.9%","±3.0","21","±29","2.1%","±3.0","5,648","±681","5,265","±663","93.2%","±2.7","383","±157","6.8%","±2.7"
"    Production, transportation, and material moving occupations:","3,984","±438","3,079","±364","77.3%","±3.5","905","±169","22.7%","±3.5","23,707","±1,524","18,742","±1,295","79.1%","±2.0","4,965","±580","20.9%","±2.0","42,563","±1,783","32,524","±1,396","76.4%","±1.8","10,039","±973","23.6%","±1.8","3,213","±398","2,638","±370","82.1%","±4.9","575","±170","17.9%","±4.9","2,110","±291","1,635","±254","77.5%","±6.0","475","±144","22.5%","±6.0","7,247","±602","5,443","±510","75.1%","±4.3","1,804","±366","24.9%","±4.3","7,503","±662","5,814","±551","77.5%","±3.5","1,689","±318","22.5%","±3.5","7,159","±662","5,796","±657","81.0%","±4.5","1,363","±329","19.0%","±4.5","2,238","±347","1,401","±263","62.6%","±9.1","837","±262","37.4%","±9.1","10,912","±627","8,359","±524","76.6%","±2.9","2,553","±371","23.4%","±2.9","1,879","±295","1,571","±261","83.6%","±5.1","308","±110","16.4%","±5.1","13,177","±933","9,758","±827","74.1%","±3.2","3,419","±477","25.9%","±3.2","9,068","±898","6,858","±736","75.6%","±4.2","2,210","±458","24.4%","±4.2","1,247","±247","907","±213","72.7%","±10.9","340","±159","27.3%","±10.9","32,280","±1,630","25,524","±1,390","79.1%","±1.9","6,756","±718","20.9%","±1.9","46,497","±1,646","36,761","±1,437","79.1%","±1.6","9,736","±837","20.9%","±1.6","2,153","±257","1,803","±228","83.7%","±4.9","350","±118","16.3%","±4.9","5,738","±671","4,771","±616","83.1%","±3.6","967","±221","16.9%","±3.6","1,210","±339","675","±245","55.8%","±12.6","535","±213","44.2%","±12.6","1,431","±276","1,127","±231","78.8%","±7.0","304","±120","21.2%","±7.0","9,425","±620","7,315","±577","77.6%","±3.6","2,110","±366","22.4%","±3.6","6,296","±606","4,511","±559","71.6%","±4.7","1,785","±322","28.4%","±4.7","1,549","±255","1,183","±202","76.4%","±7.4","366","±140","23.6%","±7.4","32,167","±1,675","24,218","±1,512","75.3%","±2.1","7,949","±731","24.7%","±2.1"
"        Production occupations","1,514","±237","1,108","±205","73.2%","±5.4","406","±94","26.8%","±5.4","7,340","±752","5,696","±705","77.6%","±3.7","1,644","±277","22.4%","±3.7","13,640","±1,037","9,713","±791","71.2%","±3.2","3,927","±567","28.8%","±3.2","1,293","±224","1,090","±197","84.3%","±6.8","203","±98","15.7%","±6.8","730","±140","491","±132","67.3%","±10.4","239","±79","32.7%","±10.4","2,915","±492","2,109","±383","72.3%","±6.1","806","±230","27.7%","±6.1","3,096","±416","2,252","±345","72.7%","±6.0","844","±226","27.3%","±6.0","2,050","±352","1,557","±327","76.0%","±8.7","493","±192","24.0%","±8.7","1,014","±243","568","±158","56.0%","±13.6","446","±200","44.0%","±13.6","4,345","±486","2,884","±320","66.4%","±4.9","1,461","±311","33.6%","±4.9","635","±167","460","±142","72.4%","±11.5","175","±86","27.6%","±11.5","4,681","±603","3,177","±440","67.9%","±5.6","1,504","±356","32.1%","±5.6","2,985","±476","2,137","±424","71.6%","±7.1","848","±236","28.4%","±7.1","575","±204","330","±140","57.4%","±17.5","245","±143","42.6%","±17.5","9,919","±1,015","6,846","±934","69.0%","±4.4","3,073","±447","31.0%","±4.4","10,100","±772","6,995","±626","69.3%","±3.5","3,105","±429","30.7%","±3.5","914","±219","729","±211","79.8%","±9.8","185","±89","20.2%","±9.8","1,974","±370","1,549","±305","78.5%","±7.4","425","±173","21.5%","±7.4","482","±187","220","±110","45.6%","±17.6","262","±140","54.4%","±17.6","666","±196","521","±166","78.2%","±11.8","145","±92","21.8%","±11.8","3,067","±354","2,448","±317","79.8%","±4.8","619","±166","20.2%","±4.8","2,923","±437","1,891","±424","64.7%","±8.4","1,032","±244","35.3%","±8.4","445","±128","326","±117","73.3%","±13.1","119","±62","26.7%","±13.1","8,649","±915","5,951","±810","68.8%","±4.3","2,698","±409","31.2%","±4.3"
"        Transportation occupations","1,230","±249","1,016","±218","82.6%","±7.5","214","±105","17.4%","±7.5","8,961","±961","7,293","±846","81.4%","±3.7","1,668","±379","18.6%","±3.7","15,374","±1,146","12,616","±900","82.1%","±3.3","2,758","±613","17.9%","±3.3","1,247","±307","938","±274","75.2%","±9.3","309","±130","24.8%","±9.3","638","±156","588","±165","92.2%","±6.2","50","±36","7.8%","±6.2","2,147","±316","1,748","±289","81.4%","±5.9","399","±136","18.6%","±5.9","1,979","±378","1,790","±359","90.4%","±5.0","189","±103","9.6%","±5.0","3,077","±450","2,562","±443","83.3%","±5.8","515","±181","16.7%","±5.8","646","±197","455","±158","70.4%","±18.4","191","±141","29.6%","±18.4","3,476","±396","2,949","±366","84.8%","±3.9","527","±146","15.2%","±3.9","896","±216","808","±210","90.2%","±6.0","88","±54","9.8%","±6.0","4,009","±562","3,248","±480","81.0%","±5.4","761","±251","19.0%","±5.4","3,074","±516","2,671","±468","86.9%","±5.5","403","±185","13.1%","±5.5","208","±103","208","±103","100.0%","±16.4","0","±20","0.0%","±16.4","14,073","±1,061","12,486","±973","88.7%","±2.4","1,587","±367","11.3%","±2.4","23,133","±1,196","19,534","±1,204","84.4%","±2.0","3,599","±449","15.6%","±2.0","686","±167","579","±149","84.4%","±9.6","107","±73","15.6%","±9.6","2,094","±400","1,836","±382","87.7%","±4.9","258","±104","12.3%","±4.9","463","±187","359","±177","77.5%","±11.4","104","±49","22.5%","±11.4","339","±89","293","±81","86.4%","±10.2","46","±38","13.6%","±10.2","2,748","±396","2,430","±352","88.4%","±4.7","318","±143","11.6%","±4.7","1,994","±376","1,634","±343","81.9%","±7.9","360","±173","18.1%","±7.9","570","±160","487","±146","85.4%","±11.9","83","±73","14.6%","±11.9","12,301","±1,082","9,630","±899","78.3%","±3.5","2,671","±513","21.7%","±3.5"
"        Material moving occupations","1,240","±252","955","±230","77.0%","±8.1","285","±110","23.0%","±8.1","7,406","±776","5,753","±697","77.7%","±4.2","1,653","±346","22.3%","±4.2","13,549","±1,071","10,195","±875","75.2%","±3.1","3,354","±523","24.8%","±3.1","673","±190","610","±178","90.6%","±7.1","63","±52","9.4%","±7.1","742","±211","556","±179","74.9%","±14.4","186","±121","25.1%","±14.4","2,185","±369","1,586","±303","72.6%","±8.3","599","±219","27.4%","±8.3","2,428","±461","1,772","±396","73.0%","±7.7","656","±218","27.0%","±7.7","2,032","±359","1,677","±326","82.5%","±7.4","355","±166","17.5%","±7.4","578","±176","378","±135","65.4%","±14.3","200","±108","34.6%","±14.3","3,091","±366","2,526","±362","81.7%","±4.6","565","±140","18.3%","±4.6","348","±106","303","±97","87.1%","±9.1","45","±35","12.9%","±9.1","4,487","±548","3,333","±520","74.3%","±5.9","1,154","±282","25.7%","±5.9","3,009","±508","2,050","±357","68.1%","±8.0","959","±328","31.9%","±8.0","464","±150","369","±144","79.5%","±12.9","95","±60","20.5%","±12.9","8,288","±655","6,192","±606","74.7%","±4.2","2,096","±385","25.3%","±4.2","13,264","±912","10,232","±826","77.1%","±2.9","3,032","±424","22.9%","±2.9","553","±151","495","±135","89.5%","±7.0","58","±44","10.5%","±7.0","1,670","±415","1,386","±383","83.0%","±6.6","284","±115","17.0%","±6.6","265","±168","96","±56","36.2%","±25.0","169","±152","63.8%","±25.0","426","±156","313","±132","73.5%","±14.6","113","±73","26.5%","±14.6","3,610","±429","2,437","±395","67.5%","±7.4","1,173","±299","32.5%","±7.4","1,379","±356","986","±278","71.5%","±8.2","393","±152","28.5%","±8.2","534","±135","370","±111","69.3%","±13.8","164","±88","30.7%","±13.8","11,217","±836","8,637","±737","77.0%","±3.1","2,580","±386","23.0%","±3.1"